,index,MaxEStateIndex,MinEStateIndex,MaxAbsEStateIndex,MinAbsEStateIndex,qed,MolWt,HeavyAtomMolWt,ExactMolWt,NumValenceElectrons,NumRadicalElectrons,MaxPartialCharge,MinPartialCharge,MaxAbsPartialCharge,MinAbsPartialCharge,FpDensityMorgan1,FpDensityMorgan2,FpDensityMorgan3,BalabanJ,BertzCT,Chi0,Chi0n,Chi0v,Chi1,Chi1n,Chi1v,Chi2n,Chi2v,Chi3n,Chi3v,Chi4n,Chi4v,HallKierAlpha,Ipc,Kappa1,Kappa2,Kappa3,LabuteASA,PEOE_VSA1,PEOE_VSA10,PEOE_VSA11,PEOE_VSA12,PEOE_VSA13,PEOE_VSA14,PEOE_VSA2,PEOE_VSA3,PEOE_VSA4,PEOE_VSA5,PEOE_VSA6,PEOE_VSA7,PEOE_VSA8,PEOE_VSA9,SMR_VSA1,SMR_VSA10,SMR_VSA2,SMR_VSA3,SMR_VSA4,SMR_VSA5,SMR_VSA6,SMR_VSA7,SMR_VSA8,SMR_VSA9,SlogP_VSA1,SlogP_VSA10,SlogP_VSA11,SlogP_VSA12,SlogP_VSA2,SlogP_VSA3,SlogP_VSA4,SlogP_VSA5,SlogP_VSA6,SlogP_VSA7,SlogP_VSA8,SlogP_VSA9,TPSA,EState_VSA1,EState_VSA10,EState_VSA11,EState_VSA2,EState_VSA3,EState_VSA4,EState_VSA5,EState_VSA6,EState_VSA7,EState_VSA8,EState_VSA9,VSA_EState1,VSA_EState10,VSA_EState2,VSA_EState3,VSA_EState4,VSA_EState5,VSA_EState6,VSA_EState7,VSA_EState8,VSA_EState9,FractionCSP3,HeavyAtomCount,NHOHCount,NOCount,NumAliphaticCarbocycles,NumAliphaticHeterocycles,NumAliphaticRings,NumAromaticCarbocycles,NumAromaticHeterocycles,NumAromaticRings,NumHAcceptors,NumHDonors,NumHeteroatoms,NumRotatableBonds,NumSaturatedCarbocycles,NumSaturatedHeterocycles,NumSaturatedRings,RingCount,MolLogP,MolMR,fr_Al_COO,fr_Al_OH,fr_Al_OH_noTert,fr_ArN,fr_Ar_COO,fr_Ar_N,fr_Ar_NH,fr_Ar_OH,fr_COO,fr_COO2,fr_C_O,fr_C_O_noCOO,fr_C_S,fr_HOCCN,fr_Imine,fr_NH0,fr_NH1,fr_NH2,fr_N_O,fr_Ndealkylation1,fr_Ndealkylation2,fr_Nhpyrrole,fr_SH,fr_aldehyde,fr_alkyl_carbamate,fr_alkyl_halide,fr_allylic_oxid,fr_amide,fr_amidine,fr_aniline,fr_aryl_methyl,fr_azide,fr_azo,fr_barbitur,fr_benzene,fr_benzodiazepine,fr_bicyclic,fr_diazo,fr_dihydropyridine,fr_epoxide,fr_ester,fr_ether,fr_furan,fr_guanido,fr_halogen,fr_hdrzine,fr_hdrzone,fr_imidazole,fr_imide,fr_isocyan,fr_isothiocyan,fr_ketone,fr_ketone_Topliss,fr_lactam,fr_lactone,fr_methoxy,fr_morpholine,fr_nitrile,fr_nitro,fr_nitro_arom,fr_nitro_arom_nonortho,fr_nitroso,fr_oxazole,fr_oxime,fr_para_hydroxylation,fr_phenol,fr_phenol_noOrthoHbond,fr_phos_acid,fr_phos_ester,fr_piperdine,fr_piperzine,fr_priamide,fr_prisulfonamd,fr_pyridine,fr_quatN,fr_sulfide,fr_sulfonamd,fr_sulfone,fr_term_acetylene,fr_tetrazole,fr_thiazole,fr_thiocyan,fr_thiophene,fr_unbrch_alkane,fr_urea
C1=c2ccc3sc4c(ccc5cc(-c6scc7ccsc67)c6c(c54)=CCC=6)c3c2=C[SiH2]1,0,2.5322618505365617,-0.18988284452327386,2.5322618505365617,0.18988284452327386,0.30749387616010104,464.71200000000016,448.5840000000002,464.018340042,146,0,0.07075746432747929,-0.14227323791632884,0.14227323791632884,0.07075746432747929,0.7741935483870968,1.7419354838709677,2.7419354838709675,1.5678761543620108,1997.2217264939484,20.10371904882607,16.567161664040196,20.43086496919647,15.365305980755148,10.634995878711967,14.843791244004937,8.393294511612122,12.529163343744294,6.815773027564331,11.431961862682778,5.474652715793477,10.321889872671955,-2.5031168831168813,63515814.83529051,17.09951746789399,6.0481711169083185,2.1826817169461017,191.7652178829073,0.0,0.0,0.0,0.0,0.0,0.0,0.0,0.0,0.0,34.01035763380421,41.749729940701286,56.26080971566102,41.8882509529603,19.096668109820055,0.0,108.1114681905016,0.0,0.0,0.0,6.4208216229260096,0.0,68.03292785412096,0.0,10.440598685398296,20.874599902419472,0.0,0.0,34.01035763380421,9.519600999649654,0.0,0.0,6.4208216229260096,47.15832795170149,0.0,75.02210824244602,0.0,0.0,0.0,0.0,0.0,9.519600999649654,0.0,6.4208216229260096,72.34607940954905,0.0,34.01035763380421,70.70895668701795,0.0,4.325118072430483,5.744629370449175,1.4296788523592276,17.50229383531118,6.427861820179919,0.0,14.127022167693799,5.911056503877271,0.0,-0.18988284452327386,0.037037037037037035,31,0,0,1,1,2,3,3,6,3,0,4,1,0,0,0,8,4.7740000000000045,145.0539999999999,0,0,0,0,0,0,0,0,0,0,0,0,0,0,0,0,0,0,0,0,0,0,0,0,0,0,0,0,0,0,0,0,0,0,3,0,10,0,0,0,0,0,0,0,0,0,0,0,0,0,0,0,0,0,0,0,0,0,0,0,0,0,0,0,0,0,0,0,0,0,0,0,0,0,0,0,0,0,0,0,0,0,3,0,0
C1=Cc2[nH]c3c(ncc4cc(-c5nccs5)c5cocc5c43)c2C1,1,5.566594151549509,0.9440165483599825,5.566594151549509,0.9440165483599825,0.4622513430355001,329.38400000000007,318.2960000000001,329.062282972,114,0,0.12352239642746463,-0.4712878552458382,0.4712878552458382,0.12352239642746463,1.1666666666666667,2.125,3.0416666666666665,1.8244819106690646,1274.9325106863075,15.672997628507929,12.536832706631198,13.353329287558925,11.898979485566361,7.7853614567054406,8.665014267960336,6.0302741826739,6.924840301112312,4.769372756729336,5.575754487796699,3.723125436364889,4.391306241182558,-2.9199999999999995,1307577.7513782184,12.496340471978623,4.331712051152477,1.4725841921568616,140.01603199563857,9.401129458000556,5.007623696852765,0.0,0.0,0.0,0.0,4.9839785209472085,4.9839785209472085,0.0,11.336785877934737,6.076020106833881,18.5632087982215,56.139477749793706,23.559727426510637,4.417150937053347,49.99110427786033,0.0,14.951935562841626,0.0,6.4208216229260096,0.0,53.69984256681113,0.0,10.571075188549761,0.0,0.0,0.0,11.336785877934737,14.951935562841626,6.4208216229260096,0.0,11.257379486545457,46.859614017319025,0.0,49.225393588475356,0.0,54.71,0.0,0.0,0.0,0.0,0.0,44.183970890102685,16.643603701010253,11.336785877934737,30.300075904970182,28.18636432402379,9.401129458000556,5.566594151549509,1.6356282637149337,12.752411393187007,7.468796766972272,5.713444664902999,0.0,2.166917044595616,12.696207715077664,0.0,0.0,0.05263157894736842,24,1,4,1,0,1,1,4,5,4,1,5,1,0,0,0,6,5.155100000000003,97.21770000000002,0,0,0,0,0,3,1,0,0,0,0,0,0,0,0,2,1,0,0,0,0,1,0,0,0,0,1,0,0,0,0,0,0,0,1,0,7,0,0,0,0,0,1,0,0,0,0,0,0,0,0,0,0,0,0,0,0,0,0,0,0,0,0,0,0,0,0,0,0,0,0,0,0,1,0,0,0,0,0,0,1,0,0,0,0
C1=c2ccc3sc4c(sc5cc(-c6cncs6)c6c(c54)=C[SiH2]C=6)c3c2=C[SiH2]1,2,4.324584301581055,-0.2527338960275469,4.324584301581055,0.16795565425435588,0.3683605192105504,431.71500000000015,418.61100000000016,430.974865476,128,0,0.07974860551264548,-0.2524935387903861,0.2524935387903861,0.07974860551264548,0.7777777777777778,1.5555555555555556,2.4444444444444446,1.7341355331877994,1671.550250118944,17.534804948073727,14.282324451971277,19.560241319500644,13.382142733160755,9.087123472591598,14.865755769412852,7.082170116929688,12.648717179714533,5.698377488364284,11.568102187302747,4.56570655487609,10.868506314320886,-1.8362337662337658,7107947.556969701,15.128818661728157,5.364048333448694,1.9428568057796802,170.51259570070553,0.0,0.0,0.0,0.0,0.0,0.0,4.9839785209472085,0.0,0.0,34.01035763380421,28.86354411175899,33.007334039342695,31.932583325177866,38.826728299556194,0.0,105.41886477120687,0.0,4.9839785209472085,0.0,0.0,0.0,50.78108395303476,0.0,10.440598685398296,20.874599902419472,0.0,0.0,34.01035763380421,24.023180520246516,0.0,0.0,0.0,29.906484050615287,0.0,62.80990382350167,0.0,12.89,0.0,0.0,0.0,19.03920199929931,0.0,0.0,60.887326682623765,11.336785877934737,34.38095460109993,45.98025676962942,0.0,5.912659045099522,5.74749197291405,5.621008043917496,8.973526004146347,13.426239556198972,0.0,7.107349723644516,2.0213040932498902,0.0,-0.4206895502819028,0.0,27,0,1,0,2,2,2,3,5,4,0,6,1,0,0,0,7,1.7095000000000007,129.27,0,0,0,0,0,1,0,0,0,0,0,0,0,0,0,1,0,0,0,0,0,0,0,0,0,0,0,0,0,0,0,0,0,0,2,0,9,0,0,0,0,0,0,0,0,0,0,0,0,0,0,0,0,0,0,0,0,0,0,0,0,0,0,0,0,0,0,0,0,0,0,0,0,0,0,0,0,0,0,0,1,0,2,0,0
C1=Cc2csc(-c3ccc4c(c3)ncc3c4c4cocc4c4ccc5nsnc5c43)c2[SiH2]1,3,5.7021091263768025,-0.29764183287794,5.7021091263768025,0.29764183287794,0.22808800149602437,463.6190000000002,450.5150000000002,463.0269305660001,150,0,0.11281452423458926,-0.4712903842757711,0.4712903842757711,0.11281452423458926,0.84375,1.78125,2.78125,1.5108237699797078,1928.5401358280649,20.810825830012618,16.624345400163897,19.67155212439244,15.865305980755148,10.392626742685767,13.526179659395156,8.203231755376326,11.198091846928316,6.595726156465814,10.125575690238374,5.154534835783848,8.78648195175099,-3.3931168831168823,107066227.88894513,17.196393590132026,6.099116025518804,2.12512782773146,191.52178623593036,4.417150937053347,11.033401435232523,0.0,0.0,0.0,0.0,4.9839785209472085,0.0,8.747079962832899,11.336785877934737,29.974415573043053,39.21264975093538,43.391336052103156,39.29081505374264,4.417150937053347,98.10099162940668,0.0,13.731058483780107,0.0,0.0,0.0,65.69781342818649,0.0,10.440598685398296,5.186725645687458,0.0,0.0,23.06497322313335,23.25065948342976,0.0,0.0,5.563451491696996,64.55151287354285,0.0,70.77029044633453,0.0,51.81,0.0,0.0,0.0,9.519600999649654,0.0,48.86744743963756,33.118461736758704,5.186725645687458,36.12632250928754,50.16792537480348,9.401129458000556,14.783222648410828,3.1050394261994807,6.336156801384975,11.716174642215396,7.923242125482734,0.0,10.891487316227195,7.986763317401776,0.0,-0.29764183287794,0.0,32,0,4,0,1,1,3,4,7,6,0,7,1,0,0,0,8,5.799000000000003,138.0249999999999,0,0,0,0,0,3,0,0,0,0,0,0,0,0,0,3,0,0,0,0,0,0,0,0,0,0,0,0,0,0,0,0,0,0,3,0,11,0,0,0,0,0,1,0,0,0,0,0,0,0,0,0,0,0,0,0,0,0,0,0,0,0,0,0,0,0,0,0,0,0,0,0,0,1,0,0,0,0,0,0,0,0,1,0,0
Cc1cc(OC(=O)c2ccco2)c2c(C)cc(=O)oc2c1,4,12.000101095993951,-0.5995370370370361,12.000101095993951,0.11082682455698367,0.41030070260098866,284.267,272.171,284.06847348400004,106,0,0.3791263733125378,-0.4573214986534048,0.4573214986534048,0.3791263733125378,1.1904761904761905,2.0,2.7142857142857144,2.1356386426525917,871.5638818675671,14.982763184195939,11.505343067457073,11.505343067457073,10.041713895658194,6.351963885849395,6.351963885849395,4.751462517582422,4.751462517582422,3.074587936770594,3.074587936770594,2.2022903961079034,2.2022903961079034,-2.82,79486.80637088967,13.176433486137155,4.9378935488021725,2.4521488988947446,119.30072371816631,13.571164827906742,11.332531974926148,0.0,5.760247418874442,0.0,11.594891607029837,0.0,9.589074368143644,0.0,0.0,0.0,49.239845656621675,6.06636706846161,11.649387210103853,18.365702011978563,16.938549644058888,0.0,0.0,0.0,13.847474399381248,0.0,63.902272243365346,0.0,5.749511833283905,10.362449272878036,0.0,5.749511833283905,0.0,5.969305287951849,0.0,13.847474399381248,21.681687586340253,50.223837396125624,0.0,10.969244356107037,0.0,69.65,11.594891607029837,9.589074368143644,0.0,5.760247418874442,22.28220768108794,5.563451491696996,18.395897132562276,25.122838405075456,6.923737199690624,0.0,13.571164827906742,15.555975817796256,0.0,23.44650695698134,0.5973204837490556,1.4566164861006135,-0.14829354581338539,7.9390492898388825,1.398049851483293,3.588107993197279,0.0,0.125,21,0,5,0,0,0,1,2,3,5,0,5,2,0,0,0,3,3.2220400000000016,75.62450000000001,0,0,0,0,0,0,0,0,0,0,1,1,0,0,0,0,0,0,0,0,0,0,0,0,0,0,0,0,0,0,2,0,0,0,1,0,1,0,0,0,1,1,1,0,0,0,0,0,0,0,0,0,0,0,0,0,0,0,0,0,0,0,0,0,0,0,0,0,0,0,0,0,0,0,0,0,0,0,0,0,0,0,0,0,0
O=C(c1ccc(Br)o1)N1CCN=C1SCc1cccnc1,5,12.386852796674226,-0.15681789073654095,12.386852796674226,0.15681789073654095,0.8373418149699478,366.24000000000007,354.1440000000001,364.983359724,108,0,0.2951393917772025,-0.4441920626742826,0.4441920626742826,0.2951393917772025,1.4285714285714286,2.3333333333333335,3.0476190476190474,1.6644975249573275,671.868460501627,14.656489770562878,11.02977208959809,13.432265209640521,10.237183443017884,6.3720815857776145,8.150678414988455,4.37479200999641,6.098868603139582,2.921440467377609,4.43299909088311,1.9322539261182254,3.217947289507721,-1.6,119090.83871570011,14.342003668442658,6.444981257809245,3.3561631944444437,134.12868987615198,4.417150937053347,0.0,15.597414631462353,0.0,5.907179729351506,0.0,19.670830168505177,0.0,0.0,0.0,17.828252017852726,39.69249659503117,24.69129715588552,6.544756405912575,9.211688121125169,38.76666034627002,0.0,9.883888251797686,4.992404732635669,5.752853606746789,13.08951281182515,52.65236977065389,0.0,0.0,0.0,0.0,0.0,27.691828847340464,34.04823256255239,5.752853606746789,0.0,16.118236094643258,50.73822652977147,0.0,0.0,0.0,58.7,0.0,4.794537184071822,0.0,5.907179729351506,23.519275673709455,16.483956868021835,11.761884949391115,23.229487439386777,18.3295777085363,25.906327151532224,4.417150937053347,5.86773729096781,4.742408858569989,22.522810230452503,0.7327551020408164,1.1020759584698079,0.8956210632401117,7.275796761376217,3.559686970017542,1.217774431531872,0.0,0.21428571428571427,21,0,5,0,1,1,0,2,2,5,0,7,3,0,0,0,3,3.1823000000000015,85.27850000000001,0,0,0,0,0,1,0,0,0,0,1,1,0,0,1,3,0,0,0,0,0,0,0,0,0,0,0,1,1,0,0,0,0,0,0,0,0,0,0,0,0,0,1,0,1,0,0,0,0,0,0,0,0,0,0,0,0,0,0,0,0,0,0,0,0,0,0,0,0,0,0,0,0,1,0,1,0,0,0,0,0,0,0,0,0
Cc1nc2c(=O)oc3ccccc3c2n1-c1ccccc1,6,12.147063807004283,-0.4014063681027962,12.147063807004283,0.37041950113378674,0.500273231061679,276.295,264.19899999999996,276.089877624,102,0,0.364153863978626,-0.4210204560544913,0.4210204560544913,0.364153863978626,1.0,1.7142857142857142,2.5238095238095237,2.263455902125659,1013.5076215255496,14.396976746569035,11.407076194634278,11.407076194634278,10.254020195423491,6.718440296158275,6.718440296158275,4.9128689141169195,4.9128689141169195,3.5977012584659023,3.5977012584659023,2.7152682000113493,2.7152682000113493,-2.879999999999999,131059.93728848385,11.906329201101927,4.312039813340074,1.6902700853850412,119.82188731603698,4.417150937053347,11.40742463964217,5.516700717616262,0.0,0.0,5.625586319077987,4.567099647791355,9.77851570501903,0.0,0.0,30.33183534230805,31.18920547353706,11.073610489148358,5.516700717616262,4.417150937053347,22.00264579133956,0.0,9.551078168738563,0.0,6.923737199690624,0.0,70.84183161730424,0.0,5.687386274683562,5.625586319077987,0.0,0.0,0.0,9.551078168738563,0.0,6.923737199690624,5.824404497999927,63.808991737279655,0.0,27.69003206602312,0.0,48.03,5.625586319077987,4.794537184071822,0.0,0.0,11.099720859258504,22.414715704764546,0.0,6.06636706846161,60.021773395174854,4.9839785209472085,4.417150937053347,7.342358749055178,0.0,16.54292642983119,0.8856972789115649,2.321683673469389,0.7637528344671203,17.42015510833963,0.0,1.8900925925925927,0.0,0.058823529411764705,21,0,4,0,0,0,2,2,4,4,0,4,1,0,0,0,4,3.4403200000000016,81.84900000000003,0,0,0,0,0,2,0,0,0,0,0,0,0,0,0,2,0,0,0,0,0,0,0,0,0,0,0,0,0,0,1,0,0,0,2,0,3,0,0,0,0,0,0,0,0,0,0,1,0,0,0,0,0,0,0,0,0,0,0,0,0,0,0,0,2,0,0,0,0,0,0,0,0,0,0,0,0,0,0,0,0,0,0,0,0
CCCCCC1NC(=O)NC1CCCCCC(=O)O,7,11.37481444391347,-0.7284463188170245,11.37481444391347,0.058301445578230915,0.5339312382867119,270.37299999999993,244.16499999999994,270.194342692,110,0,0.31486824716040407,-0.48123038978516347,0.48123038978516347,0.31486824716040407,1.0526315789473684,1.631578947368421,2.1578947368421053,2.1768191306943967,294.41566406185734,14.08757566981053,11.782371745485866,11.782371745485866,9.1302289553358,7.419695443444349,7.419695443444349,5.319641189794319,5.319641189794319,3.643134085562154,3.643134085562154,2.5578317062557665,2.5578317062557665,-1.26,17662.768771135066,15.79636978579481,8.774973835637189,6.4534060437099745,114.69466968095588,15.740104602853368,0.0,0.0,0.0,0.0,12.000419800289922,4.794537184071822,4.794537184071822,0.0,0.0,39.02784531432067,19.26246486877803,6.4208216229260096,12.083681658295921,14.69560176298435,12.000419800289922,0.0,10.633577208012662,0.0,76.79481346432064,0.0,0.0,0.0,0.0,10.633577208012662,4.794537184071822,0.0,0.0,29.190628853426546,4.794537184071822,0.0,64.71113180602472,0.0,0.0,0.0,0.0,78.43,5.969305287951849,9.589074368143644,0.0,24.535617793560004,0.0,38.524929737556064,12.841643245852019,0.0,0.0,17.557314407703284,5.106527394840706,0.0,0.0,21.768235651177015,14.496595135317872,0.0,-0.7284463188170245,0.40716886600319135,8.384409981054864,2.172036685264083,0.0,0.8571428571428571,19,3,5,0,1,1,0,0,0,2,3,5,10,0,1,1,1,2.6518000000000006,74.10620000000004,1,0,0,0,0,0,0,0,1,1,2,1,0,0,0,0,2,0,0,0,0,0,0,0,0,0,0,2,0,0,0,0,0,0,0,0,0,0,0,0,0,0,0,0,0,0,0,0,0,0,0,0,0,0,0,0,0,0,0,0,0,0,0,0,0,0,0,0,0,0,0,0,0,0,0,0,0,0,0,0,0,0,0,3,1
O=C(O)CCCCCN1C(=O)CCC1=O,8,11.167637130469473,-0.802476589401192,11.167637130469473,0.09885686990845666,0.5223026618798204,213.23299999999998,198.11299999999997,213.10010796,84,0,0.3028395659972694,-0.4812303897601423,0.4812303897601423,0.3028395659972694,1.1333333333333333,1.7333333333333334,2.2666666666666666,2.116802581901499,258.59595362048,11.259148545064338,8.56891953069734,8.56891953069734,7.109060905280622,5.160080766742391,5.160080766742391,3.6435137640916873,3.6435137640916873,2.4272010090774057,2.4272010090774057,1.595188753320052,1.595188753320052,-1.39,2371.6442883935706,11.683475385745776,5.481012772478081,3.691396252939458,88.05653262640048,5.106527394840706,0.0,0.0,11.814359458703011,0.0,5.969305287951849,19.28352128306594,0.0,0.0,0.0,6.4208216229260096,12.841643245852019,25.807221274690605,0.0,19.49013894705617,17.78366474665486,0.0,4.899909730850478,0.0,38.524929737556064,6.544756405912575,0.0,0.0,0.0,0.0,0.0,0.0,0.0,34.33485827825862,14.383611552215466,0.0,38.524929737556064,0.0,0.0,0.0,0.0,74.68,5.969305287951849,14.383611552215466,0.0,18.23518108162902,32.22804289761662,6.4208216229260096,4.899909730850478,0.0,0.0,0.0,5.106527394840706,0.0,0.0,33.81795356722936,8.389804841689763,0.0,-1.0001903292181056,0.0,2.8506802196187113,0.44175170068027203,0.0,0.7,15,1,5,0,1,1,0,0,0,3,1,5,6,0,1,1,1,0.7804,52.05780000000003,1,0,0,0,0,0,0,0,1,1,3,2,0,0,0,1,0,0,0,0,1,0,0,0,0,0,0,2,0,0,0,0,0,0,0,0,0,0,0,0,0,0,0,0,0,0,0,0,1,0,0,0,0,0,0,0,0,0,0,0,0,0,0,0,0,0,0,0,0,0,0,0,0,0,0,0,0,0,0,0,0,0,0,2,0
O=C(CCN1C(=O)c2ccccc2C1=O)Nn1cnnc1,9,12.08485371000252,-0.3678726799361718,12.08485371000252,0.003619614512471392,0.7995252570027849,285.26300000000003,274.175,285.086189212,106,0,0.26105621229738385,-0.27382196095136685,0.27382196095136685,0.26105621229738385,1.0476190476190477,1.619047619047619,2.1904761904761907,1.6308232347996332,675.3566284354199,14.819626477379408,10.891914430902274,10.891914430902274,10.16470379794645,6.263119813734115,6.263119813734115,4.46165691112533,4.46165691112533,3.11320711285615,3.11320711285615,2.1139068955570472,2.1139068955570472,-3.03,103024.25900288664,12.97644206169043,5.156970940740835,2.3804394908640822,118.89865635609986,0.0,12.654640149529083,0.0,5.907179729351506,11.814359458703011,0.0,24.709312680176325,4.676102440895408,0.0,10.197363616602075,12.13273413692322,12.13273413692322,12.965578028838586,11.126902983393991,14.383611552215466,17.721539188054518,0.0,19.773375788347963,0.0,6.4208216229260096,11.97054780302296,48.04701140676952,0.0,0.0,5.425791397110385,0.0,0.0,0.0,44.03967138231505,4.794537184071822,0.0,27.13679897446364,36.920108423375524,0.0,0.0,0.0,97.19,0.0,14.383611552215466,0.0,30.6871172168931,11.126902983393991,4.899909730850478,17.330742590424492,24.26546827384644,0.0,15.62315501371246,0.0,1.2963369236583522,0.0,36.96608276643991,7.087209295768098,3.253343673889309,-1.077082283530695,6.609250507288927,2.6701113840597968,0.028081065759637536,0.0,0.15384615384615385,21,1,8,0,1,1,1,1,2,6,1,8,4,0,0,0,3,0.03450000000000003,70.81570000000002,0,0,0,0,0,3,0,0,0,0,3,3,0,0,0,4,1,0,0,0,0,0,0,0,0,0,0,3,0,0,0,0,0,0,1,0,1,0,0,0,0,0,0,0,0,0,0,0,1,0,0,0,0,0,0,0,0,0,0,0,0,0,0,0,0,0,0,0,0,0,0,0,0,0,0,0,0,0,0,0,0,0,0,0,0
COc1ccc(OC)c(-n2c(C)cc(C=O)c2C)c1,10,11.032493150037794,0.6827527399848831,11.032493150037794,0.6827527399848831,0.7925613689401194,259.30499999999995,242.16899999999993,259.120843404,100,0,0.1513740006576577,-0.4966825294727337,0.4966825294727337,0.1513740006576577,1.105263157894737,1.8421052631578947,2.3684210526315788,2.694088379576839,614.093514669326,13.991199352633217,11.558709812839677,11.558709812839677,9.116922162780329,5.985326800534067,5.985326800534067,4.317511568538847,4.317511568538847,3.2241697260988533,3.2241697260988533,2.2491499160070894,2.2491499160070894,-2.23,23609.27391683225,13.207529629680065,5.180406586186963,2.211629194082481,112.12095236421119,14.040825555391454,11.49902366656781,6.286160523129555,0.0,0.0,0.0,4.794537184071822,0.0,0.0,0.0,0.0,32.046575604766076,23.017674549855528,19.906981357238628,14.268263091671919,6.286160523129555,0.0,4.567099647791355,0.0,13.847474399381248,14.219595082555067,41.216775755240356,0.0,17.186409941251373,9.473725907600098,0.0,11.49902366656781,0.0,25.07285525347598,0.0,13.847474399381248,21.74584466546574,24.26546827384644,0.0,5.687386274683562,0.0,40.46,0.0,4.794537184071822,0.0,0.0,5.563451491696996,34.86042645407785,0.0,14.219595082555067,42.68004232101904,0.0,9.473725907600098,12.62885078105316,0.0,11.032493150037794,0.0,3.4143787792894944,1.4824092970521543,7.457768487024439,0.8665492724867725,3.8696088435374145,3.2479413895187705,0.26666666666666666,19,0,4,0,0,0,1,1,2,4,0,4,4,0,0,0,2,2.923840000000001,73.73450000000003,0,0,0,0,0,1,0,0,0,0,1,1,0,0,0,1,0,0,0,0,0,0,0,1,0,0,0,0,0,0,1,0,0,0,1,0,0,0,0,0,0,2,0,0,0,0,0,0,0,0,0,0,0,0,0,2,0,0,0,0,0,0,0,0,0,0,0,0,0,0,0,0,0,0,0,0,0,0,0,0,0,0,0,0,0
Cc1cc(-c2ccccc2)[o+]c2cc(N(C)C)ccc12,11,6.092824074074074,0.9088019652305367,6.092824074074074,0.9088019652305367,0.6198638716987663,264.348,246.20399999999995,264.13829061609,100,0,0.36262695576030696,-0.3773763151223904,0.3773763151223904,0.36262695576030696,0.9,1.65,2.35,2.2124820879693106,747.9630096003816,14.11251969619286,12.051614308670455,12.051614308670455,9.647867045540842,6.75235002263893,6.75235002263893,5.234578068451589,5.234578068451589,3.532254998515782,3.532254998515782,2.366407149656054,2.366407149656054,-2.3499999999999996,47892.41508569848,12.67208496008391,4.968138208930675,2.24848810685339,118.82963869469843,4.899909730850478,0.0,0.0,0.0,0.0,11.343267560516685,0.0,4.417150937053347,0.0,0.0,18.19910120538483,36.75265696523406,25.84909730849955,17.0160427746234,4.417150937053347,16.656630630790602,0.0,0.0,0.0,6.923737199690624,18.99525369620486,60.160755107851486,0.0,11.323698910571437,4.899909730850478,5.687386274683562,0.0,0.0,14.09534396535438,0.0,6.923737199690624,5.563451491696996,59.01445455320784,0.0,22.292943266678478,0.0,14.540000000000001,0.0,0.0,0.0,0.0,0.0,27.98032954136204,5.563451491696996,0.0,32.29444517073921,48.22184934131076,4.417150937053347,6.092824074074074,0.0,2.082821239606954,1.1622973356009072,4.406555597547661,0.9088019652305367,18.648516681363905,0.0,2.1246296296296294,4.073553476946334,0.16666666666666666,20,0,2,0,0,0,2,1,3,1,0,2,2,0,0,0,3,4.755320000000004,85.12100000000005,0,0,0,0,0,0,0,0,0,0,0,0,0,0,0,1,0,0,0,0,0,0,0,0,0,0,0,0,0,1,1,0,0,0,2,0,1,0,0,0,0,0,0,0,0,0,0,0,0,0,0,0,0,0,0,0,0,0,0,0,0,0,0,0,0,0,0,0,0,0,0,0,0,0,0,0,0,0,0,0,0,0,0,0,0
Cc1ccc2c(c1)S(=O)(=O)c1cc(-c3c(F)c(F)c(C)c(F)c3F)ccc1-2,12,14.318211115483843,-3.9044160341605783,14.318211115483843,0.09431584362139933,0.3236984105059897,392.37300000000005,380.2770000000001,392.049413504,138,0,0.20735096056339802,-0.2184682296281438,0.2184682296281438,0.20735096056339802,0.7037037037037037,1.2222222222222223,1.8148148148148149,2.0102448467449907,1218.3170423902395,19.670843917394798,14.200704378566252,15.017200959493978,12.640771541371619,7.9735783132408224,9.456741560835216,6.469918081502872,8.35644446814432,4.759471635246153,6.5930602196896455,3.3104278274619534,5.105537979935837,-2.6699999999999995,1188283.8009095727,17.72932997638731,5.661359670478361,2.3414194449910757,152.55718460038057,0.0,0.0,23.26888336418358,9.837253136417502,0.0,0.0,0.0,25.979457175028216,0.0,0.0,24.26546827384644,37.10711151969846,16.690354475090988,15.354418442732545,25.979457175028216,9.837253136417502,0.0,0.0,0.0,23.638441350416798,0.0,70.79398875834724,0.0,22.253805966787983,0.0,17.56166019069928,0.0,0.0,8.417796984328938,9.837253136417502,37.11635776356483,11.126902983393991,46.18916936180521,0.0,22.253805966787983,0.0,34.14,44.23303948399507,25.979457175028216,0.0,15.354418442732545,11.126902983393991,18.55355575984923,18.19910120538483,19.056471336613843,0.0,0.0,0.0,82.11008458307565,0.0,-0.05772922440581141,0.0,-0.36305108814646125,-6.136536978733949,8.6020873455749,0.0,2.6662280634629116,-3.9044160341605783,0.1,27,0,2,0,1,1,3,0,3,2,0,7,1,0,0,0,4,5.340040000000004,92.0718,0,0,0,0,0,0,0,0,0,0,0,0,0,0,0,0,0,0,0,0,0,0,0,0,0,0,0,0,0,0,1,0,0,0,3,0,3,0,0,0,0,0,0,0,4,0,0,0,0,0,0,0,0,0,0,0,0,0,0,0,0,0,0,0,0,0,0,0,0,0,0,0,0,0,0,0,0,1,0,0,0,0,0,0,0
Cc1ccc(-c2ccc(C)nn2)cc1,13,4.128185941043084,0.9264814814814817,4.128185941043084,0.9264814814814817,0.680654393103414,184.242,172.146,184.100048384,70,0,0.09293504958062117,-0.1553567095845865,0.1553567095845865,0.09293504958062117,0.7857142857142857,1.5,2.0714285714285716,2.396509039726096,371.5796467381504,9.966255326250886,8.358528806137672,8.358528806137672,6.7540201954234895,4.629264403068836,4.629264403068836,3.4259805253821223,3.4259805253821223,2.145207543337909,2.145207543337909,1.2772192095754402,1.2772192095754402,-1.6999999999999997,2046.4635652616516,8.87889083611284,3.5797336438830665,1.79140340646303,83.62613108465196,0.0,0.0,0.0,0.0,0.0,0.0,0.0,0.0,10.197363616602075,0.0,29.828919765543436,25.980208536304467,5.563451491696996,11.387855989696922,0.0,0.0,0.0,10.197363616602075,0.0,13.847474399381248,0.0,47.655581897315116,0.0,11.257379486545457,0.0,0.0,0.0,0.0,10.197363616602075,0.0,13.847474399381248,11.257379486545457,36.39820241076966,0.0,11.257379486545457,0.0,25.78,0.0,0.0,0.0,0.0,0.0,16.95130748139392,5.563451491696996,0.0,19.056471336613846,41.38656909013914,0.0,0.0,0.0,0.0,8.156114417989418,4.243872721928279,0.0,12.256241496598637,0.0,4.010438030150332,0.0,0.16666666666666666,14,0,2,0,0,0,1,1,2,2,0,2,1,0,0,0,2,2.760440000000001,56.94200000000003,0,0,0,0,0,2,0,0,0,0,0,0,0,0,0,2,0,0,0,0,0,0,0,0,0,0,0,0,0,0,2,0,0,0,1,0,0,0,0,0,0,0,0,0,0,0,0,0,0,0,0,0,0,0,0,0,0,0,0,0,0,0,0,0,0,0,0,0,0,0,0,0,0,0,0,0,0,0,0,0,0,0,0,0,0
C1=c2cccc(-c3ccc(-c4ncc(-c5scc6sccc56)c5nsnc45)nc3)c2=CC1,14,4.7972799088771305,0.7781064972285212,4.7972799088771305,0.7781064972285212,0.3345587242615468,466.61600000000016,452.5040000000002,466.038059448,152,0,0.13284137666016602,-0.2538840384403863,0.2538840384403863,0.13284137666016602,0.8125,1.78125,2.71875,1.3411375458808474,1757.0018333389396,21.07033885400646,16.648909264853483,19.098399007636658,15.865305980755148,10.192207413628434,12.681809779478444,7.6298116119671535,9.985606304076576,5.875635434753379,8.44622685196261,4.347576876048567,6.921589305649797,-3.2599999999999985,87863889.52427165,18.324833995046355,7.130976605636455,2.71769676811024,194.75766563936287,0.0,16.727329430080985,0.0,0.0,0.0,0.0,9.967957041894417,0.0,8.747079962832899,22.673571755869474,36.417508487514205,39.93436997322188,43.86394422172125,17.422115340047075,0.0,67.67334488090226,0.0,18.715037004727314,0.0,6.4208216229260096,0.0,69.98931504613736,0.0,32.955357658489206,10.437299951209736,0.0,0.0,34.40175910106809,18.715037004727314,0.0,0.0,6.4208216229260096,59.55201509492763,0.0,66.22694343832339,0.0,51.56,0.0,0.0,0.0,0.0,0.0,39.968982031249446,42.69223011274054,22.673571755869474,18.460054211687762,61.99108105974054,9.967957041894417,10.50518510033568,4.723238659788984,10.767610825477158,8.182629744603977,6.6701892865116115,0.0,12.76451128913119,9.386635094151398,0.0,0.0,0.04,32,0,4,1,0,1,1,5,6,7,0,7,3,0,0,0,7,5.723200000000003,135.36999999999995,0,0,0,0,0,4,0,0,0,0,0,0,0,0,0,4,0,0,0,0,0,0,0,0,0,0,0,0,0,0,0,0,0,0,1,0,3,0,0,0,0,0,0,0,0,0,0,0,0,0,0,0,0,0,0,0,0,0,0,0,0,0,0,0,0,0,0,0,0,0,0,0,0,2,0,0,0,0,0,0,0,0,2,0,0
C1=Cc2[nH]c3cc(-c4cncs4)[nH]c3c2C1,15,4.101562342529604,1.0257709750566892,4.101562342529604,1.0257709750566892,0.6584931051310936,227.292,218.22,227.051718288,78,0,0.07980646423240635,-0.35346801281657336,0.35346801281657336,0.07980646423240635,1.3125,2.3125,3.1875,1.9639526838510708,685.3146122033008,10.535169427003233,8.449320013098498,9.265816594026225,7.915816237971963,5.206059737891492,6.085712549146386,3.961091232990634,4.84743840969149,3.0181863285445716,3.824568059611936,2.2768066533677365,2.870725139012019,-1.8099999999999998,14967.36608087289,8.354495572022776,2.857466910311625,0.9938328590810037,95.84788610815913,9.967957041894417,0.0,0.0,0.0,0.0,0.0,4.9839785209472085,0.0,0.0,11.336785877934737,6.076020106833881,18.5632087982215,17.454223058158533,27.115015897399662,0.0,28.446207420001144,0.0,14.951935562841626,0.0,6.4208216229260096,0.0,35.107149507071405,0.0,10.57107518854976,0.0,0.0,0.0,11.336785877934737,14.951935562841626,6.4208216229260096,0.0,11.257379486545457,23.84977002052595,0.0,27.680496730616163,0.0,44.47,0.0,0.0,0.0,0.0,0.0,12.114749617774471,27.167928115479278,11.336785877934737,11.707382845230455,33.170342844970996,0.0,0.0,1.6560605631141343,12.188142085537919,0.0,8.068295304232805,0.0,2.161712962962963,7.2591224174855125,0.0,0.0,0.08333333333333333,16,2,3,1,0,1,0,3,3,2,2,4,1,0,0,0,4,3.1888000000000005,66.49540000000002,0,0,0,0,0,3,2,0,0,0,0,0,0,0,0,1,2,0,0,0,0,2,0,0,0,0,1,0,0,0,0,0,0,0,0,0,3,0,0,0,0,0,0,0,0,0,0,0,0,0,0,0,0,0,0,0,0,0,0,0,0,0,0,0,0,0,0,0,0,0,0,0,0,0,0,0,0,0,0,0,1,0,0,0,0
C1=Cc2c(csc2-c2cc3c4ccccc4c4cc5cc[nH]c5cc4c3c3cocc23)[SiH2]1,16,5.852078136810279,-0.24527307525465636,5.852078136810279,0.24527307525465636,0.21739502048590795,443.6030000000002,426.4670000000002,443.080011694,150,0,0.0987580383015232,-0.47128989296396356,0.47128989296396356,0.0987580383015232,0.8125,1.65625,2.59375,1.6440703164884853,1916.7854902569838,20.810825830012618,17.10650713076904,19.33721727406986,15.865305980755148,10.881151158469665,13.284407331838834,8.66435317215666,11.185460475723575,7.024160043976763,9.894189404008952,5.568047862531914,8.462123124032397,-3.603116883116882,106687229.34682819,17.01151310723699,6.00200358750942,2.0835627156546055,189.1494594658028,9.401129458000556,0.0,0.0,0.0,0.0,0.0,0.0,0.0,0.0,11.336785877934737,36.04078264150466,67.32682925402078,43.69903983248682,22.045926990927768,4.417150937053347,86.11185127790513,0.0,4.9839785209472085,0.0,0.0,0.0,83.89691463357133,0.0,10.440598685398296,5.186725645687458,0.0,0.0,11.336785877934737,14.503579520596862,0.0,0.0,5.563451491696996,82.75061407892767,0.0,70.50933744003159,0.0,28.93,0.0,0.0,0.0,9.519600999649654,0.0,0.0,69.9967688248947,5.186725645687458,30.059955440825927,70.67029220676423,4.417150937053347,5.852078136810279,1.8807417042166317,4.776483399757209,15.316663103121739,6.2917875045896325,0.0,18.01158640569779,8.227043932172483,0.0,-0.24527307525465636,0.0,32,1,2,0,1,1,4,3,7,2,1,4,1,0,0,0,8,6.880600000000004,141.11369999999988,0,0,0,0,0,1,1,0,0,0,0,0,0,0,0,0,1,0,0,0,0,1,0,0,0,0,0,0,0,0,0,0,0,0,4,0,10,0,0,0,0,0,1,0,0,0,0,0,0,0,0,0,0,0,0,0,0,0,0,0,0,0,0,0,0,0,0,0,0,0,0,0,0,0,0,0,0,0,0,0,0,0,1,0,0
C1=C(c2cncs2)[SiH2]c2c1ccc1c2oc2ccc3cocc3c21,17,6.285968442932729,-0.5551263699924414,6.285968442932729,0.5551263699924414,0.42953702767107943,345.45500000000004,334.367,345.027976122,114,0,0.13568268429530692,-0.47131192483793494,0.47131192483793494,0.13568268429530692,1.0416666666666667,2.0416666666666665,2.9583333333333335,1.6489914069218912,1277.4422856906344,15.672997628507929,12.57521767078473,14.805927814085551,11.882142733160752,7.807726655583196,10.101593029211186,6.1375104102564455,8.846319439794256,4.84576802233886,7.999503024623486,3.7294249348992397,6.5788342518122205,-2.633116883116882,1305806.845081808,12.748900404630174,4.464146471356133,1.5769056055886723,142.59094722634148,8.834301874106695,11.166040283284485,0.0,0.0,0.0,0.0,4.9839785209472085,0.0,0.0,11.336785877934737,12.142387175295491,34.145657026829014,32.61888762317356,27.556466264545147,8.834301874106695,70.02644845530914,0.0,4.9839785209472085,0.0,0.0,0.0,58.939775795753306,0.0,0.0,5.186725645687458,0.0,0.0,11.336785877934737,14.503579520596862,0.0,0.0,10.440598685398296,57.333478984461706,0.0,43.983335932037285,0.0,39.17,9.519600999649654,0.0,0.0,0.0,0.0,21.938488712214077,31.596151444075076,17.599948873573794,24.03691290933112,29.25909983316592,8.834301874106695,11.687117327200752,1.7165524719989003,5.512015250812599,7.46488364391007,5.200190809220842,0.0,8.523160486799558,7.895650824494169,0.0,-0.5551263699924414,0.0,24,0,3,0,1,1,2,3,5,4,0,5,1,0,0,0,6,4.094500000000002,101.65500000000002,0,0,0,0,0,1,0,0,0,0,0,0,0,0,0,1,0,0,0,0,0,0,0,0,0,0,0,0,0,0,0,0,0,0,2,0,7,0,0,0,0,0,2,0,0,0,0,0,0,0,0,0,0,0,0,0,0,0,0,0,0,0,0,0,0,0,0,0,0,0,0,0,0,0,0,0,0,0,0,0,1,0,0,0,0
Cc1ccc(S(=O)(=O)NC(=O)Nn2c(C)nnc2C)cc1,18,12.03977418745276,-3.921335034013605,12.03977418745276,0.014305555555556015,0.8738114612291018,309.35100000000006,294.23100000000005,309.08956034,112,0,0.34739119778723715,-0.24580936458620242,0.34739119778723715,0.24580936458620242,1.0476190476190477,1.5714285714285714,2.0952380952380953,2.1345810878894738,745.1906284034488,15.620955864630139,11.78403502511383,12.600531606041557,9.792530882788025,6.085106962824942,7.568270210419335,4.48931632162619,6.171718563035704,2.7583511948625024,4.105243306925608,1.6528820915321831,2.5548369354387948,-2.4199999999999995,43698.75254893128,14.978146573445839,5.523210354016407,3.3708691147517382,121.76730560096468,0.0,11.648808995999854,0.0,0.0,10.023291153407584,6.031114512338072,0.0,28.03632287085864,0.0,10.197363616602075,17.696185628620217,32.903945735995094,0.0,4.895483475517775,13.212334168400758,16.054405665745655,0.0,19.59556092194957,0.0,25.666695074589647,5.425791397110385,41.47772876154329,0.0,0.0,10.147886261562473,4.794537184071822,0.0,0.0,29.322377554164493,10.023291153407584,20.771211599071872,17.212260487696852,29.160951749364216,0.0,0.0,0.0,105.97999999999999,16.054405665745655,13.212334168400758,0.0,4.895483475517775,11.648808995999854,5.563451491696996,16.808836577818628,25.980208536304467,11.645832064142713,15.62315501371246,0.0,27.301738053245995,0.0,11.807268361048123,7.509140482333123,3.283320344845417,0.8803404883022494,5.280759689678341,0.0,5.108767614560364,-3.921335034013605,0.25,21,2,8,0,0,0,1,1,2,6,2,9,3,0,0,0,2,0.8453599999999998,75.75320000000002,0,0,0,0,0,3,0,0,0,0,1,1,0,0,0,3,2,0,0,0,0,0,0,0,0,0,0,2,0,0,3,0,0,0,1,0,0,0,0,0,0,0,0,0,0,0,0,0,0,0,0,0,0,0,0,0,0,0,0,0,0,0,0,0,0,0,0,0,0,0,0,0,0,0,0,0,1,0,0,0,0,0,0,0,1
O=C(Nc1ncnc2c1CCC2)C12CC3CC(CC(C3)C1)C2,19,13.094409486016627,-0.09207577475434614,13.094409486016627,0.09207577475434614,0.9122012805088552,297.40200000000004,274.21799999999996,297.184112356,116,0,0.23128255717620488,-0.3098774273174329,0.3098774273174329,0.23128255717620488,1.0454545454545454,1.7272727272727273,2.409090909090909,1.4252863034850913,603.9352687552808,14.733840039752504,12.976037588901214,12.976037588901214,10.717076599188871,8.859737087367348,8.859737087367348,8.153086159059159,8.153086159059159,6.626798235767454,6.626798235767454,6.096124418032362,6.096124418032362,-1.4500000000000002,262142.8298149572,13.031738502826853,4.526742855893185,1.8515269123672047,130.6679483524774,5.316788604006331,12.14518285259957,0.0,5.907179729351506,0.0,0.0,4.794537184071822,9.967957041894417,0.0,0.0,0.0,75.54111274481828,11.257379486545457,5.41499046939678,4.794537184071822,11.725042507186533,0.0,9.967957041894417,23.16870860788096,57.787394606334104,5.316788604006331,17.584699561309996,0.0,0.0,5.316788604006331,5.817862777835028,0.0,0.0,15.875136771245923,17.63618042992384,23.16870860788096,56.20313084702754,6.3273200747645415,0.0,0.0,0.0,54.88,0.0,4.794537184071822,0.0,11.322170198748285,0.0,67.79043864872372,24.825916360475023,6.3273200747645415,0.0,15.284745645900749,0.0,0.0,0.0,21.82635755228017,3.2092592592592593,2.224026439279416,3.4416555650037792,0.0,12.215367850844041,0.0,0.0,0.7222222222222222,22,1,4,5,0,5,0,1,1,3,1,4,2,4,0,4,6,3.1202000000000023,83.29170000000005,0,0,0,0,0,2,0,0,0,0,1,1,0,0,0,2,1,0,0,0,0,0,0,0,0,0,0,1,0,1,1,0,0,0,0,0,1,0,0,0,0,0,0,0,0,0,0,0,0,0,0,0,0,0,0,0,0,0,0,0,0,0,0,0,0,0,0,0,0,0,0,0,0,0,0,0,0,0,0,0,0,0,0,0,0
CC(=O)NCCSCCNC(C)=O,20,10.444551008305066,0.0022786753590327002,10.444551008305066,0.0022786753590327002,0.5983724409639418,204.295,188.16699999999997,204.093248752,76,0,0.216400027598033,-0.3555174050786396,0.3555174050786396,0.216400027598033,1.0,1.3846153846153846,1.6923076923076923,2.9961049979124525,155.52696184669043,10.104448006685086,8.05317199613778,8.869668577065505,6.125897657686229,4.192705340840036,5.347405879219287,2.578298261984863,3.8030431333764514,1.2406902377174247,2.2262887973709127,0.7005237851453037,1.3974472102039792,-0.71,553.7222910566771,12.29,7.914453388116449,11.29,82.83972442127467,10.633577208012662,0.0,0.0,11.814359458703011,0.0,0.0,9.589074368143644,0.0,11.761884949391115,0.0,0.0,0.0,38.44269442469998,0.0,9.589074368143644,23.576244408094126,0.0,10.633577208012662,0.0,13.847474399381248,24.595220025318728,0.0,0.0,0.0,10.633577208012662,0.0,0.0,11.761884949391115,36.40957948402174,9.589074368143644,0.0,13.847474399381248,0.0,0.0,0.0,0.0,58.2,0.0,9.589074368143644,0.0,11.814359458703011,13.08951281182515,11.505707213493578,13.847474399381248,11.761884949391115,0.0,10.633577208012662,0.0,0.0,1.7077777777777776,20.88910201661013,5.39616512345679,0.0,1.7806779100529107,0.0,0.0,4.392943838769055,0.0,0.75,13,2,4,0,0,0,0,0,0,3,2,5,6,0,0,0,0,-0.008200000000000596,54.69240000000003,0,0,0,0,0,0,0,0,0,0,2,2,0,0,0,0,2,0,0,0,0,0,0,0,0,0,0,2,0,0,0,0,0,0,0,0,0,0,0,0,0,0,0,0,0,0,0,0,0,0,0,0,0,0,0,0,0,0,0,0,0,0,0,0,0,0,0,0,0,0,0,0,0,0,0,1,0,0,0,0,0,0,0,4,0
COc1ccc(Br)cc1S(=O)(=O)NCCCN1CCOCC1,21,12.369671989166036,-3.5767094723691932,12.369671989166036,0.1488402830267912,0.7109002435320383,393.3030000000003,372.13500000000016,392.040540252,124,0,0.2437898991402563,-0.49533665444546127,0.49533665444546127,0.2437898991402563,1.3636363636363635,2.090909090909091,2.772727272727273,1.8913259970876857,588.505675457238,16.001789232183626,12.548217796703213,14.950710916745644,10.5260052326085,7.160557125543604,9.436718642695348,5.000522110767215,7.651572755167719,3.462093822614846,5.437574987195852,2.2722652708946787,4.051795646230177,-0.6700000000000003,85979.56513604146,17.68024042930524,8.257646096260183,4.920689802600847,139.51021869202225,9.473725907600098,10.644995308801679,0.0,10.023291153407584,0.0,0.0,4.899909730850478,13.139891848781026,0.0,0.0,15.929943897949348,31.164679234223417,24.10698873357014,20.32356147030337,17.891522891929036,25.953235051356934,0.0,9.622004595302567,0.0,11.316305098443785,46.502587093953665,22.671820721217244,0.0,5.749511833283905,9.458957818252138,0.0,5.749511833283905,15.929943897949348,59.82029380913308,14.760154107207633,0.0,6.4208216229260096,27.56730419673502,0.0,0.0,0.0,67.87,10.023291153407584,8.417796984328938,0.0,4.895483475517775,16.766987755028893,39.26885476968957,7.109797541277533,18.19910120538483,0.0,25.551948493251913,9.473725907600098,38.47524686393807,3.2856140736094637,2.424125671873688,0.0,0.0,0.3369252569153365,4.922419662583874,0.759472907218443,4.580558940301454,-2.1176967097736594,0.5714285714285714,22,1,6,0,1,1,1,0,1,5,1,8,7,0,1,1,2,1.4583,87.75850000000004,0,0,0,0,0,0,0,0,0,0,0,0,0,0,0,1,1,0,0,0,0,0,0,0,0,0,0,0,0,0,0,0,0,0,1,0,0,0,0,0,0,2,0,0,1,0,0,0,0,0,0,0,0,0,0,1,1,0,0,0,0,0,0,0,0,0,0,0,0,0,0,0,0,0,0,0,1,0,0,0,0,0,0,1,0
FC(F)(F)c1ccccc1NC(=S)Nc1cccc(Cl)c1,22,12.857476071006914,-4.449145119467541,12.857476071006914,0.0499691358024692,0.7429627620292469,330.76200000000006,320.6820000000001,330.02053165999996,110,0,0.4179030240364109,-0.33243742259861503,0.4179030240364109,0.33243742259861503,1.0,1.7142857142857142,2.380952380952381,2.1359865619569884,658.6625340208186,15.45781915781361,10.538908336017778,12.11133386296396,9.859191910946029,5.858770565485931,6.644983328959021,4.13281434478203,4.977498415717879,2.563151467924913,3.0023727159445834,1.690204217086415,2.1082997968302357,-1.7899999999999996,39614.49201232015,15.596050379966318,6.321331595063947,4.338486239193418,129.47675860443553,10.633577208012662,0.0,5.112436884724758,0.0,0.0,6.176298517443475,0.0,0.0,13.171245143024459,0.0,29.800041095617345,42.549708785354746,10.710019588424888,11.250837766380558,13.171245143024459,40.30602276737109,0.0,0.0,0.0,6.176298517443475,10.633577208012662,59.1170213531312,0.0,0.0,10.633577208012662,24.546017692391583,0.0,23.81881333327921,5.112436884724758,6.176298517443475,0.0,5.563451491696996,48.53093654769288,5.022633313741326,0.0,0.0,24.06,11.73975000914047,13.171245143024459,0.0,10.79982315940832,10.710019588424888,6.06636706846161,18.19910120538483,24.26546827384644,0.0,10.633577208012662,23.81881333327921,38.57242821302074,10.832268948272436,0.0,5.869250440917108,-0.29697968281962916,0.0,11.833288311187992,-4.449145119467541,0.0,0.0,0.07142857142857142,21,2,2,0,0,0,2,0,2,1,2,7,2,0,0,0,2,5.167700000000002,82.73940000000002,0,0,0,0,0,0,0,0,0,0,0,0,1,0,0,0,2,0,0,0,0,0,0,0,0,3,0,0,0,2,0,0,0,0,2,0,0,0,0,0,0,0,0,0,4,0,0,0,0,0,0,0,0,0,0,0,0,0,0,0,0,0,0,0,1,0,0,0,0,0,0,0,0,0,0,0,0,0,0,0,0,0,0,0,0
CC(CNC(=O)c1ccc(-c2ccccc2)cc1)CN(C)C,23,12.15799855127236,-0.009057592172671214,12.15799855127236,0.009057592172671214,0.8869759960111213,296.41400000000004,272.222,296.18886338799996,116,0,0.25078903173931244,-0.3517221592662436,0.3517221592662436,0.25078903173931244,1.0,1.5909090909090908,2.1818181818181817,1.9404782961097653,590.592065220776,15.94938298937633,13.543178140233177,13.543178140233177,10.5585506480638,7.644230150528189,7.644230150528189,6.020815687625793,6.020815687625793,3.54211419745796,3.54211419745796,2.5015432303067366,2.5015432303067366,-2.1299999999999994,91214.53086728841,16.244141702266685,7.7579516345882364,4.707120427856546,132.51431008019247,10.216698334856808,0.0,0.0,0.0,5.907179729351506,0.0,4.794537184071822,0.0,0.0,0.0,49.38830667892189,43.27288713183298,18.652964303522147,0.0,4.794537184071822,5.907179729351506,0.0,10.216698334856808,5.917906046161393,6.923737199690624,27.18485677717953,60.160755107851486,0.0,11.126902983393991,5.316788604006331,0.0,0.0,0.0,37.99194623738151,0.0,5.917906046161393,17.28172587545944,54.59730361615449,0.0,11.126902983393991,0.0,32.34,0.0,4.794537184071822,0.0,5.907179729351506,18.026113943770962,17.671659389306566,0.0,0.0,56.559913444585646,29.27316967147065,0.0,0.0,0.0,14.28843194363757,2.9977089632149156,2.989743877872035,0.4238516430192115,17.920589777881723,0.0,3.795095747361433,4.084578047013112,0.3157894736842105,22,1,3,0,0,0,2,0,2,2,1,3,6,0,0,0,2,3.281100000000002,91.92920000000007,0,0,0,0,0,0,0,0,0,0,1,1,0,0,0,1,1,0,0,0,0,0,0,0,0,0,0,1,0,0,0,0,0,0,2,0,0,0,0,0,0,0,0,0,0,0,0,0,0,0,0,0,0,0,0,0,0,0,0,0,0,0,0,0,0,0,0,0,0,0,0,0,0,0,0,0,0,0,0,0,0,0,0,0,0
Cc1ccc(N2CC(C(=O)NN=Cc3sccc3C)CC2=O)cc1,24,12.234928560930545,-0.3746428571428577,12.234928560930545,0.030477870160409593,0.6864897831650836,341.4360000000002,322.2840000000001,341.11979784799996,124,0,0.24500347461231367,-0.31159585730042266,0.31159585730042266,0.24500347461231367,1.2916666666666667,2.0416666666666665,2.7083333333333335,1.604444405673644,779.8164905016952,17.10408352775558,13.65218777828161,14.468684359209336,11.541713895658196,7.784097658789937,8.663750470044832,5.943057714266642,6.890751907265513,4.099725532183915,5.053209483614171,2.619973327561552,3.4062442397134807,-2.4699999999999998,392461.25796739775,16.38996681362184,6.965083529098985,3.5389607632940234,144.54076491761015,4.899909730850478,0.0,0.0,11.814359458703011,0.0,0.0,9.589074368143644,5.425791397110385,5.101407525739723,11.336785877934737,17.696185628620217,42.99008986692899,23.530111497223448,12.13250662569671,9.589074368143644,35.05313219085663,0.0,5.425791397110385,11.019313571901115,20.268296022307258,11.444666136763054,51.71594828986926,0.0,0.0,10.325701127960862,5.687386274683562,0.0,11.336785877934737,24.573716444150904,9.589074368143644,19.76538044554264,22.4248718000213,40.81330563851369,0.0,0.0,0.0,61.77,0.0,9.589074368143644,0.0,24.153087127790414,6.544756405912575,21.691436451778852,0.0,22.451296188320534,49.55937251215521,10.527198922850108,0.0,0.0,1.569689233279393,27.10037448494831,5.989403602350031,5.643680133878755,-0.6241754850088184,9.742794794991765,1.8607872283440465,4.384112673883181,0.0,0.2777777777777778,24,1,5,0,1,1,1,1,2,4,1,6,4,0,1,1,3,2.8681400000000012,96.43170000000003,0,0,0,0,0,0,0,0,0,0,2,2,0,0,0,2,1,0,0,0,0,0,0,0,0,0,0,2,0,1,2,0,0,0,1,0,0,0,0,0,0,0,0,0,0,0,1,0,0,0,0,0,0,0,0,0,0,0,0,0,0,0,0,0,0,0,0,0,0,0,0,0,0,0,0,0,0,0,0,0,0,0,1,0,0
Cc1cccc(C)c1NC(=O)COC(=O)c1nonc1N,25,11.796810988284202,-0.8699948559670785,11.796810988284202,0.18504034625787846,0.8075113448473268,290.279,276.167,290.10150492800005,110,0,0.3645716433341951,-0.45065357939723727,0.45065357939723727,0.3645716433341951,1.2857142857142858,1.9523809523809523,2.5238095238095237,1.939761961454765,660.3108255724359,15.405412915006313,11.54392821080042,11.54392821080042,9.986071002992368,6.0996549985050565,6.0996549985050565,4.389188827941519,4.389188827941519,2.7871563856198756,2.7871563856198756,1.7236404303031754,1.7236404303031754,-2.9000000000000004,58954.35620557017,14.50788355582358,6.035444778802032,3.3530593992139734,119.77588804526772,15.787319034968565,0.0,6.606881964512918,11.51179077268349,5.907179729351506,5.969305287951849,4.794537184071822,9.423576120965171,0.0,0.0,18.19910120538483,35.28770389702613,5.687386274683562,0.0,18.95497625883704,23.381734069821945,0.0,10.31332651425089,0.0,13.847474399381248,17.657338045681435,35.01993218362728,0.0,0.0,11.050456081168516,11.50524905251859,0.0,0.0,28.796693496067164,9.53140013787187,13.847474399381248,21.615368162314276,22.82814014227818,0.0,0.0,0.0,120.33999999999999,18.483366981816275,9.589074368143644,0.0,11.51179077268349,5.687386274683562,11.126902983393991,0.0,0.0,32.046575604766076,20.25915405515057,10.470530430962235,9.061459467293702,0.0,23.369466254094228,9.221403490038501,7.615800420502351,-1.5172801001841403,5.6324077646439665,0.0,3.283409370278057,0.0,0.23076923076923078,21,3,8,0,0,0,1,1,2,7,2,8,4,0,0,0,2,1.0641399999999999,73.5386,0,0,0,1,0,2,0,0,0,0,2,2,0,0,0,2,1,1,0,0,0,0,0,0,0,0,0,1,0,2,2,0,0,0,1,0,0,0,0,0,1,1,0,0,0,0,0,0,0,0,0,0,0,0,0,0,0,0,0,0,0,0,0,0,1,0,0,0,0,0,0,0,0,0,0,0,0,0,0,0,0,0,0,0,0
O=C(Nc1ccc(Cl)cc1)C1CC(=O)N(c2ccccc2)C1,26,12.2990980095742,-0.3440887188208621,12.2990980095742,0.025503590325018477,0.9443778366145881,314.77200000000005,299.65200000000004,314.0822054,112,0,0.22931530069742398,-0.3257827636147749,0.3257827636147749,0.22931530069742398,1.0909090909090908,1.7727272727272727,2.4545454545454546,1.673330072917252,685.5649426668134,15.526733258565956,11.829390903706267,12.585319849724723,10.631030293135233,7.051447802169963,7.429412275179191,5.237084418119567,5.67352019859155,3.6754514995712633,3.927427814910748,2.5182244530804634,2.6442126107502055,-2.329999999999999,153089.35003412637,14.600750279659508,6.197119417244842,3.120206578866016,133.24338302479543,10.216698334856808,0.0,0.0,11.814359458703011,0.0,0.0,9.589074368143644,0.0,0.0,0.0,29.800041095617345,36.39820241076966,29.362983891947035,5.917906046161393,9.589074368143644,34.79007189830265,0.0,0.0,5.917906046161393,6.4208216229260096,16.761454740769384,59.619936929895815,0.0,0.0,10.216698334856808,11.374772549367124,0.0,11.600939890232516,18.359115864615585,9.589074368143644,5.917906046161393,6.4208216229260096,54.59730361615449,5.022633313741326,0.0,0.0,49.410000000000004,0.0,9.589074368143644,0.0,24.153087127790414,17.254775994337464,5.687386274683562,0.0,29.16537800469692,30.33183534230805,5.316788604006331,11.600939890232516,0.0,5.817358154398034,26.073096161227472,3.442263919300772,1.5086139074035905,-0.5139408541194252,16.31488340664692,0.23047357471795316,0.405029508202458,0.0,0.17647058823529413,22,1,4,0,1,1,2,0,2,2,1,5,3,0,1,1,3,3.3316000000000017,86.98370000000003,0,0,0,0,0,0,0,0,0,0,2,2,0,0,0,1,1,0,0,0,0,0,0,0,0,0,0,2,0,2,0,0,0,0,2,0,0,0,0,0,0,0,0,0,1,0,0,0,0,0,0,0,0,0,0,0,0,0,0,0,0,0,0,0,1,0,0,0,0,0,0,0,0,0,0,0,0,0,0,0,0,0,0,0,0
Cc1cc(=O)c2ccc(O)cc2o1,27,11.369204459561603,-0.08449074074074026,11.369204459561603,0.08449074074074026,0.6654734086251236,176.17099999999996,168.10699999999997,176.047344116,66,0,0.19243866580881136,-0.507821983087546,0.507821983087546,0.19243866580881136,1.3076923076923077,2.076923076923077,2.8461538461538463,2.9478025595536557,505.7990520651428,9.422285251880869,7.0731112531861875,7.0731112531861875,6.164703797946449,3.901363374347985,3.901363374347985,2.9017631817995158,2.9017631817995158,1.8359572056760076,1.8359572056760076,1.264292152248741,1.264292152248741,-1.77,970.5636098479017,7.857386378147379,2.622440832671096,1.2840350671725167,74.2385824418776,9.523678331894054,17.09277939380059,5.428790391900541,0.0,0.0,0.0,4.794537184071822,0.0,0.0,0.0,0.0,19.056471336613846,12.13273413692322,5.386224214464796,9.523678331894054,10.969244356107037,0.0,0.0,0.0,6.923737199690624,0.0,40.24904326869324,0.0,5.749511833283905,5.428790391900541,0.0,5.749511833283905,0.0,5.106527394840706,0.0,6.923737199690624,5.760247418874442,33.47715639497161,0.0,10.969244356107037,0.0,50.44,0.0,4.794537184071822,0.0,11.178302225184446,16.72949177498148,0.0,18.19910120538483,12.990104268152233,0.0,0.0,9.523678331894054,5.263287037037037,0.0,11.369204459561603,9.639246031746033,0.33680555555555647,0.6429166666666672,5.882580309901739,0.0,1.6992932728647014,0.0,0.1,13,1,3,0,0,0,1,1,2,3,1,3,0,0,0,0,2,1.8070199999999996,48.88580000000002,0,0,0,0,0,0,0,1,0,0,0,0,0,0,0,0,0,0,0,0,0,0,0,0,0,0,0,0,0,0,1,0,0,0,1,0,1,0,0,0,0,0,0,0,0,0,0,0,0,0,0,0,0,0,0,0,0,0,0,0,0,0,0,0,0,1,1,0,0,0,0,0,0,0,0,0,0,0,0,0,0,0,0,0,0
c1ccccc1,28,2.0,2.0,2.0,2.0,0.4426283718993647,78.11399999999999,72.06599999999999,78.046950192,30,0,-0.062268570782092456,-0.062268570782092456,0.062268570782092456,0.062268570782092456,0.3333333333333333,0.5,0.6666666666666666,3.000000000000001,71.96100505779535,4.242640687119286,3.464101615137755,3.464101615137755,3.0,2.0000000000000004,2.0000000000000004,1.1547005383792521,1.1547005383792521,0.6666666666666671,0.6666666666666671,0.38490017945975075,0.38490017945975075,-0.78,34.3994618804395,3.4115708812260532,1.6057694396735218,0.5823992601400448,37.43140311949697,0.0,0.0,0.0,0.0,0.0,0.0,0.0,0.0,0.0,0.0,36.39820241076966,0.0,0.0,0.0,0.0,0.0,0.0,0.0,0.0,0.0,0.0,36.39820241076966,0.0,0.0,0.0,0.0,0.0,0.0,0.0,0.0,0.0,0.0,36.39820241076966,0.0,0.0,0.0,0.0,0.0,0.0,0.0,0.0,0.0,0.0,0.0,0.0,36.39820241076966,0.0,0.0,0.0,0.0,0.0,0.0,0.0,0.0,12.0,0.0,0.0,0.0,0.0,6,0,0,0,0,0,1,0,1,0,0,0,0,0,0,0,1,1.6866,26.441999999999993,0,0,0,0,0,0,0,0,0,0,0,0,0,0,0,0,0,0,0,0,0,0,0,0,0,0,0,0,0,0,0,0,0,0,1,0,0,0,0,0,0,0,0,0,0,0,0,0,0,0,0,0,0,0,0,0,0,0,0,0,0,0,0,0,0,0,0,0,0,0,0,0,0,0,0,0,0,0,0,0,0,0,0,0,0
Cc1ccc2c(c1)S(=O)(=O)c1cc(-c3c(F)c(F)c(-c4c(F)c(F)c(C)c(F)c4F)c(F)c3F)ccc1-2,29,15.114932109436978,-4.154775611218385,15.114932109436978,0.0669651566156444,0.1710980558713217,540.4310000000003,528.3350000000002,540.043026384,190,0,0.2073509605634224,-0.2184682296281438,0.2184682296281438,0.2073509605634224,0.5135135135135135,0.918918918918919,1.4324324324324325,1.7643836663475931,1737.7298017439173,27.134945532532555,18.712562270603165,19.52905885153089,17.283505951463457,10.479507259259279,11.962670506853673,8.475847027521326,10.362373414162771,6.272846916188563,8.106435500632054,4.381097704437774,6.176207856911658,-3.7299999999999978,139886731.04098684,24.94203855231144,8.137612328383709,3.3271838027921077,204.27642041814957,0.0,0.0,46.53776672836716,9.837253136417502,0.0,0.0,0.0,43.5411173657275,0.0,0.0,24.26546827384644,37.107111519698464,16.690354475090988,26.481321426126538,43.5411173657275,9.837253136417502,0.0,0.0,0.0,23.638441350416798,0.0,94.0628721225308,0.0,33.380708950181976,0.0,35.123320381398564,0.0,0.0,8.417796984328938,9.837253136417502,60.3852411277484,11.126902983393991,46.18916936180521,0.0,33.380708950181976,0.0,34.14,84.19227732326964,25.979457175028216,17.56166019069928,15.354418442732545,18.050640183084617,12.13273413692322,18.19910120538483,12.990104268152233,0.0,0.0,0.0,143.0941547989261,0.0,-0.4474665683832897,0.0,-5.970342743671585,-17.494312937389445,7.585227717701077,0.0,2.304182010702192,-4.154775611218385,0.07692307692307693,37,0,2,0,1,1,4,0,4,2,0,11,2,0,0,0,5,7.563440000000005,117.33980000000007,0,0,0,0,0,0,0,0,0,0,0,0,0,0,0,0,0,0,0,0,0,0,0,0,0,0,0,0,0,0,1,0,0,0,4,0,3,0,0,0,0,0,0,0,8,0,0,0,0,0,0,0,0,0,0,0,0,0,0,0,0,0,0,0,0,0,0,0,0,0,0,0,0,0,0,0,0,1,0,0,0,0,0,0,0
